<application>
  <component name="CodeFoldingSettings">
    <option name="COLLAPSE_IMPORTS" value="false" />
    <option name="COLLAPSE_FILE_HEADER" value="false" />
  </component>
  <component name="DeclarativeInlayHintsSettings">
    <option name="providerIdToEnabled">
      <map>
        <entry key="js.chain.hints" value="true" />
        <entry key="js.type.hints" value="true" />
        <entry key="ts.chain.hints" value="true" />
        <entry key="ts.enum.hints" value="true" />
        <entry key="ts.type.hints" value="true" />
      </map>
    </option>
  </component>
  <component name="InlayHintsSettings">
    <option name="lastViewedProviderKeyId" value="Rust.parameter.hints.old" />
    <settingsMapElement>
      <Rust.rust.type.hints>
        <Settings>
          <option name="showForVariables" value="false" />
        </Settings>
      </Rust.rust.type.hints>
    </settingsMapElement>
  </component>
  <component name="OCCodeFoldingSettings">
    <option name="collapseConditionallyNotCompiled" value="false" />
    <option name="collapseNewLineBeforeLBrace" value="false" />
    <option name="COLLAPSE_CONDITIONALLY_NOT_COMPILED" value="false" />
    <option name="COLLAPSE_NEW_LINE_BEFORE_LBRACE" value="false" />
  </component>
  <component name="TodoConfiguration">
    <pattern pattern="\btodo\b.*" />
    <pattern pattern="\bfixme\b.*" />
  </component>
</application>