<keymap version="1" name="LF MAC" parent="Mac OS X 10.5+">
  <action id="$Redo">
    <keyboard-shortcut first-keystroke="shift meta z" />
    <keyboard-shortcut first-keystroke="shift alt back_space" />
    <keyboard-shortcut first-keystroke="meta y" />
  </action>
  <action id="ActivateVersionControlToolWindow">
    <keyboard-shortcut first-keystroke="meta back_quote" />
  </action>
  <action id="Back">
    <keyboard-shortcut first-keystroke="meta alt left" />
    <mouse-shortcut keystroke="button4" />
  </action>
  <action id="CheckinProject">
    <keyboard-shortcut first-keystroke="ctrl q" />
  </action>
  <action id="CloseContent">
    <keyboard-shortcut first-keystroke="meta w" />
    <keyboard-shortcut first-keystroke="meta p" />
  </action>
  <action id="Console.TableResult.Reload" />
  <action id="DatabaseView.OpenFamilyAction">
    <keyboard-shortcut first-keystroke="f4" />
  </action>
  <action id="EditSource">
    <keyboard-shortcut first-keystroke="f4" />
  </action>
  <action id="Editor Redo">
    <keyboard-shortcut first-keystroke="meta y" />
  </action>
  <action id="EditorDeleteLine">
    <keyboard-shortcut first-keystroke="shift meta k" />
  </action>
  <action id="EditorPageDown" />
  <action id="EditorPageUp" />
  <action id="EditorScrollDown">
    <keyboard-shortcut first-keystroke="meta down" />
  </action>
  <action id="EditorScrollUp">
    <keyboard-shortcut first-keystroke="meta up" />
  </action>
  <action id="ExternalSystem.OpenConfig">
    <keyboard-shortcut first-keystroke="f4" />
  </action>
  <action id="FileChooser.TogglePathBar" />
  <action id="FileChooserList.LevelUp" />
  <action id="FindNext" />
  <action id="Github.PullRequest.Comments.Reload" />
  <action id="Github.PullRequest.Details.Reload" />
  <action id="GotoDeclaration">
    <keyboard-shortcut first-keystroke="shift f12" />
    <keyboard-shortcut first-keystroke="f12" />
  </action>
  <action id="GotoLine">
    <keyboard-shortcut first-keystroke="meta l" />
    <keyboard-shortcut first-keystroke="meta g" />
  </action>
  <action id="Images.Editor.ToggleGrid" />
  <action id="Jdbc.OpenEditor.Data">
    <keyboard-shortcut first-keystroke="f4" />
  </action>
  <action id="JumpToLastWindow" />
  <action id="List-scrollDown" />
  <action id="List-scrollUp" />
  <action id="MoveLineDown">
    <keyboard-shortcut first-keystroke="shift alt down" />
    <keyboard-shortcut first-keystroke="page_down" />
  </action>
  <action id="MoveLineUp">
    <keyboard-shortcut first-keystroke="shift alt up" />
    <keyboard-shortcut first-keystroke="page_up" />
  </action>
  <action id="NavBar-navigate">
    <keyboard-shortcut first-keystroke="f4" />
  </action>
  <action id="NextTab">
    <keyboard-shortcut first-keystroke="meta quote" />
  </action>
  <action id="NextWindow" />
  <action id="ParameterInfo" />
  <action id="PreviousTab">
    <keyboard-shortcut first-keystroke="meta open_bracket" />
  </action>
  <action id="ProjectViewEditSource">
    <keyboard-shortcut first-keystroke="f4" />
  </action>
  <action id="QuickImplementations">
    <keyboard-shortcut first-keystroke="alt space" />
  </action>
  <action id="Refresh" />
  <action id="RemoteHostView.EditSource">
    <keyboard-shortcut first-keystroke="f4" />
  </action>
  <action id="RenameElement">
    <keyboard-shortcut first-keystroke="shift f6" />
    <keyboard-shortcut first-keystroke="meta r" second-keystroke="r" />
  </action>
  <action id="Replace">
    <keyboard-shortcut first-keystroke="ctrl h" />
  </action>
  <action id="Rerun" />
  <action id="RestoreDefaultLayout" />
  <action id="SearchEverywhere">
    <keyboard-shortcut first-keystroke="meta t" />
  </action>
  <action id="SearchEverywhere.NavigateToNextGroup" />
  <action id="SearchEverywhere.NavigateToPrevGroup" />
  <action id="ShowNavBar">
    <keyboard-shortcut first-keystroke="alt home" />
  </action>
  <action id="Sql.EditParameter">
    <keyboard-shortcut first-keystroke="f4" />
  </action>
  <action id="Table-scrollDownChangeSelection" />
  <action id="Table-scrollUpChangeSelection" />
  <action id="TypeHierarchy" />
  <action id="TypeHierarchyBase.BaseOnThisType" />
  <action id="Vcs.Log.Refresh" />
  <action id="Vcs.Push" />
  <action id="Vcs.UpdateProject" />
  <action id="XDebugger.MoveWatchDown">
    <keyboard-shortcut first-keystroke="shift alt down" />
  </action>
</keymap>